SELECT myvar , mytext FROM test2 WHERE num = 600000 ;
+---------+----------------------------------+
| myvar   | mytext                           |
+---------+----------------------------------+
| 18021BD | 59d359277ca746dd02b2deb5f464400b |
+---------+----------------------------------+
1 row in set (0.49 sec)



mysql> SHOW SESSION STATUS LIKE 'Last_query_cost';
+-----------------+---------------+
| Variable_name   | Value         |
+-----------------+---------------+
| Last_query_cost | 148887.165797 |
+-----------------+---------------+
1 row in set (0.00 sec)



mysql> explain SELECT myvar , mytext FROM test2 WHERE num = 600000 ;
+----+-------------+-------+------+---------------+------+---------+------+--------+-------------+
| id | select_type | table | type | possible_keys | key  | key_len | ref  | rows   | Extra       |
+----+-------------+-------+------+---------------+------+---------+------+--------+-------------+
|  1 | SIMPLE      | test2 | ALL  | NULL          | NULL | NULL    | NULL | 700001 | Using where |
+----+-------------+-------+------+---------------+------+---------+------+--------+-------------+
1 row in set (0.00 sec)



mysql> SELECT num , mytext FROM test2 WHERE myvar = '18021BD' ;
+--------+----------------------------------+
| num    | mytext                           |
+--------+----------------------------------+
| 600000 | 59d359277ca746dd02b2deb5f464400b |
+--------+----------------------------------+
1 row in set (0.46 sec)


mysql> SHOW SESSION STATUS LIKE 'Last_query_cost';
+-----------------+---------------+
| Variable_name   | Value         |
+-----------------+---------------+
| Last_query_cost | 148887.165797 |
+-----------------+---------------+
1 row in set (0.00 sec)


mysql> explain SELECT num , mytext FROM test2 WHERE myvar = '18021BD' ;
+----+-------------+-------+------+---------------+------+---------+------+--------+-------------+
| id | select_type | table | type | possible_keys | key  | key_len | ref  | rows   | Extra       |
+----+-------------+-------+------+---------------+------+---------+------+--------+-------------+
|  1 | SIMPLE      | test2 | ALL  | NULL          | NULL | NULL    | NULL | 700001 | Using where |
+----+-------------+-------+------+---------------+------+---------+------+--------+-------------+
1 row in set (0.00 sec)



mysql> SELECT num , myvar FROM test2 WHERE mytext = '59d359277ca746dd02b2deb5f464400b' ;
+--------+---------+
| num    | myvar   |
+--------+---------+
| 600000 | 18021BD |
+--------+---------+
1 row in set (0.45 sec)



mysql> SHOW SESSION STATUS LIKE 'Last_query_cost';
+-----------------+---------------+
| Variable_name   | Value         |
+-----------------+---------------+
| Last_query_cost | 148887.165797 |
+-----------------+---------------+
1 row in set (0.00 sec)


mysql> explain SELECT num , myvar FROM test2 WHERE mytext = '59d359277ca746dd02b2deb5f464400b' ;
+----+-------------+-------+------+---------------+------+---------+------+--------+-------------+
| id | select_type | table | type | possible_keys | key  | key_len | ref  | rows   | Extra       |
+----+-------------+-------+------+---------------+------+---------+------+--------+-------------+
|  1 | SIMPLE      | test2 | ALL  | NULL          | NULL | NULL    | NULL | 700001 | Using where |
+----+-------------+-------+------+---------------+------+---------+------+--------+-------------+
1 row in set (0.00 sec)



ALTER TABLE test2 ADD INDEX  (num);
Query OK, 700001 rows affected (4.34 sec)
Records: 700001  Duplicates: 0  Warnings: 0


mysql> ALTER TABLE test2 ADD INDEX  (myvar);
Query OK, 700001 rows affected (8.79 sec)
Records: 700001  Duplicates: 0  Warnings: 0

mysql> ALTER TABLE test2 ADD FULLTEXT  (mytext);
Query OK, 700001 rows affected (16.14 sec)
Records: 700001  Duplicates: 0  Warnings: 0



mysql> SELECT myvar , mytext FROM test2 WHERE num = 600000 ;
+---------+----------------------------------+
| myvar   | mytext                           |
+---------+----------------------------------+
| 18021BD | 59d359277ca746dd02b2deb5f464400b |
+---------+----------------------------------+
1 row in set (0.00 sec)

mysql> SHOW SESSION STATUS LIKE 'Last_query_cost';
+-----------------+----------+
| Variable_name   | Value    |
+-----------------+----------+
| Last_query_cost | 1.199000 |
+-----------------+----------+
1 row in set (0.00 sec)

mysql> explain SELECT myvar , mytext FROM test2 WHERE num = 600000 ;
+----+-------------+-------+------+---------------+------+---------+-------+------+-------------+
| id | select_type | table | type | possible_keys | key  | key_len | ref   | rows | Extra       |
+----+-------------+-------+------+---------------+------+---------+-------+------+-------------+
|  1 | SIMPLE      | test2 | ref  | num           | num  | 5       | const |    1 | Using where |
+----+-------------+-------+------+---------------+------+---------+-------+------+-------------+
1 row in set (0.00 sec)



mysql> SELECT num , mytext FROM test2 WHERE myvar = '18021BD' ;
+--------+----------------------------------+
| num    | mytext                           |
+--------+----------------------------------+
| 600000 | 59d359277ca746dd02b2deb5f464400b |
+--------+----------------------------------+
1 row in set (0.00 sec)

mysql> SHOW SESSION STATUS LIKE 'Last_query_cost';
+-----------------+----------+
| Variable_name   | Value    |
+-----------------+----------+
| Last_query_cost | 1.199000 |
+-----------------+----------+
1 row in set (0.00 sec)

mysql> explain SELECT num , mytext FROM test2 WHERE myvar = '18021BD' ;
+----+-------------+-------+------+---------------+-------+---------+-------+------+-------------+
| id | select_type | table | type | possible_keys | key   | key_len | ref   | rows | Extra       |
+----+-------------+-------+------+---------------+-------+---------+-------+------+-------------+
|  1 | SIMPLE      | test2 | ref  | myvar         | myvar | 258     | const |    1 | Using where |
+----+-------------+-------+------+---------------+-------+---------+-------+------+-------------+
1 row in set (0.00 sec)

mysql> ALTER TABLE test2 ADD INDEX  (mytext(10));
Query OK, 700001 rows affected (20.37 sec)
Records: 700001  Duplicates: 0  Warnings: 0

mysql> SELECT num , myvar FROM test2 WHERE mytext = '59d359277ca746dd02b2deb5f464400b' ;
+--------+---------+
| num    | myvar   |
+--------+---------+
| 600000 | 18021BD |
+--------+---------+
1 row in set (0.00 sec)

mysql> SHOW SESSION STATUS LIKE 'Last_query_cost';
+-----------------+----------+
| Variable_name   | Value    |
+-----------------+----------+
| Last_query_cost | 1.199000 |
+-----------------+----------+
1 row in set (0.01 sec)

mysql> explain SELECT num , myvar FROM test2 WHERE mytext = '59d359277ca746dd02b2deb5f464400b' ;
+----+-------------+-------+------+-----------------+----------+---------+-------+------+-------------+
| id | select_type | table | type | possible_keys   | key      | key_len | ref   | rows | Extra       |
+----+-------------+-------+------+-----------------+----------+---------+-------+------+-------------+
|  1 | SIMPLE      | test2 | ref  | mytext_2,mytext | mytext_2 | 13      | const |    1 | Using where |
+----+-------------+-------+------+-----------------+----------+---------+-------+------+-------------+
1 row in set (0.00 sec)

